Date,Open,High,Low,Close,Adj Close,Volume,,RETURNS,Probability,PiXi,Xi-r,(Xi-r)^2,P*(Xi-r)^2,SQRT(P*(Xi-r)^2)
18-08-2022,221.399994,222.550003,220.600006,221.75,212.726273,152056,,,0.401606426,,,,,
19-08-2022,221.75,221.800003,215.649994,217.149994,208.313461,392225,,-0.020744108,0.401606426,-0.008330967,-0.044608361,0.001989906,0.000799159,0.0282694
22-08-2022,212.550003,220.899994,212.550003,218.199997,209.32074,461801,,0.004835381,0.401606426,0.00194192,-0.019028872,0.000362098,0.000145421,0.012059057
23-08-2022,217.399994,223.600006,216.600006,222.850006,213.781525,348262,,0.021310766,0.401606426,0.00855854,-0.002553487,6.5203E-06,2.61859E-06,0.001618207
24-08-2022,223.199997,225.899994,222.149994,223.649994,214.54895,487619,,0.003589805,0.401606426,0.001441689,-0.020274448,0.000411053,0.000165082,0.012848409
25-08-2022,223.050003,227.100006,223.050003,224.850006,215.700134,398948,,0.00536558,0.401606426,0.002154852,-0.018498673,0.000342201,0.00013743,0.011723057
26-08-2022,227,232,225.850006,229.899994,220.544617,373844,,0.022459363,0.401606426,0.009019825,-0.001404889,1.97371E-06,7.92656E-07,0.000890312
29-08-2022,223.800003,231.550003,222.100006,230.600006,221.216156,352550,,0.003044854,0.401606426,0.001222833,-0.020819398,0.000433447,0.000174075,0.013193758
30-08-2022,232,235.399994,231,234.850006,225.293198,636378,,0.018430182,0.401606426,0.007401679,-0.005434071,2.95291E-05,1.18591E-05,0.003443703
01-09-2022,234.550003,236.75,229.550003,230.149994,220.784454,485236,,-0.020012825,0.401606426,-0.008037279,-0.043877078,0.001925198,0.000773172,0.027805968
02-09-2022,231.949997,232.449997,228.199997,229.199997,219.873108,350519,,-0.00412773,0.401606426,-0.001657723,-0.027991983,0.000783551,0.000314679,0.017739198
05-09-2022,230.850006,232.350006,228.600006,231.600006,222.175461,178276,,0.010471244,0.401606426,0.004205319,-0.013393009,0.000179373,7.20372E-05,0.008487475
06-09-2022,233.300003,234.550003,231,232.75,223.278656,377124,,0.004965432,0.401606426,0.001994149,-0.018898821,0.000357165,0.00014344,0.011976641
07-09-2022,232.949997,239.199997,232.550003,238.75,229.0345,763425,,0.025778733,0.401606426,0.010352905,0.00191448,3.66523E-06,1.47198E-06,0.001213252
08-09-2022,241.850006,241.850006,235.050003,236.25,226.63623,293294,,-0.010471204,0.401606426,-0.004205303,-0.034335457,0.001178924,0.000473463,0.021759212
09-09-2022,236.649994,237.949997,233.550003,237.5,227.835373,245147,,0.005291005,0.401606426,0.002124902,-0.018573248,0.000344966,0.00013854,0.011770317
12-09-2022,237.5,239,228.050003,231.5,222.079529,781060,,-0.025263158,0.401606426,-0.010145847,-0.049127411,0.002413502,0.000969278,0.031133232
13-09-2022,233,235.300003,230.850006,231.300003,221.887665,715388,,-0.000863918,0.401606426,-0.000346955,-0.024728171,0.000611482,0.000245575,0.015670841
14-09-2022,229,233.800003,229,231.949997,222.511215,698801,,0.002810177,0.401606426,0.001128585,-0.021054076,0.000443274,0.000178022,0.013342478
15-09-2022,232.899994,234.850006,232.300003,234.149994,224.621674,515669,,0.00948479,0.401606426,0.003809153,-0.014379463,0.000206769,8.30397E-05,0.009112614
16-09-2022,234.149994,234.149994,229.600006,230.949997,221.551895,285159,,-0.013666441,0.401606426,-0.00548853,-0.037530693,0.001408553,0.000565684,0.023784111
19-09-2022,230,232.550003,228.550003,229.850006,220.496674,1502531,,-0.004762897,0.401606426,-0.00191281,-0.02862715,0.000819514,0.000329122,0.018141719
20-09-2022,229.899994,233.75,228.800003,229.949997,220.59259,229962,,0.000435027,0.401606426,0.00017471,-0.023429226,0.000548929,0.000220453,0.014847668
21-09-2022,229.300003,232.699997,227.199997,231.449997,222.031555,499990,,0.006523157,0.401606426,0.002619742,-0.017341096,0.000300714,0.000120769,0.010989473
22-09-2022,229,231.149994,225.5,227.100006,217.858582,218125,,-0.018794517,0.401606426,-0.007547999,-0.04265877,0.001819771,0.000730832,0.027033897
23-09-2022,225.050003,227.050003,221,222.800003,213.733551,329811,,-0.018934403,0.401606426,-0.007604178,-0.042798656,0.001831725,0.000735633,0.027122546
26-09-2022,222.050003,222.100006,212.5,215.699997,206.92247,335407,,-0.031867172,0.401606426,-0.012798061,-0.055731425,0.003105992,0.001247386,0.035318355
27-09-2022,214.5,219.550003,212.699997,213.800003,205.099808,336402,,-0.008808503,0.401606426,-0.003537551,-0.032672755,0.001067509,0.000428718,0.020705517
28-09-2022,212.100006,213.350006,209,210.649994,202.077972,192022,,-0.014733438,0.401606426,-0.005917043,-0.03859769,0.001489782,0.000598306,0.024460292
29-09-2022,211.199997,215,210.800003,213.550003,204.85997,164186,,0.013766955,0.401606426,0.005528898,-0.010097298,0.000101955,4.0946E-05,0.006398902
30-09-2022,213.550003,216.100006,207.899994,212.300003,203.660828,299545,,-0.00585343,0.401606426,-0.002350775,-0.029717683,0.000883141,0.000354675,0.018832816
03-10-2022,212.850006,218,212.25,215.149994,206.394852,444957,,0.013424357,0.401606426,0.005391308,-0.010439896,0.000108991,4.37717E-05,0.006616015
04-10-2022,218,223.850006,218,223.300003,214.213211,544623,,0.037880591,0.401606426,0.015213089,0.014016339,0.000196458,7.88987E-05,0.008882494
06-10-2022,223.850006,233.949997,223.850006,233.399994,223.902191,662779,,0.045230591,0.401606426,0.018164896,0.021366338,0.00045652,0.000183342,0.013540366
07-10-2022,233,233.149994,227.850006,229.899994,220.544617,363311,,-0.014995716,0.401606426,-0.006022376,-0.038859969,0.001510097,0.000606465,0.024626505
10-10-2022,226,232.050003,226,229.899994,220.544617,363728,,0,0.401606426,0,-0.023864253,0.000569503,0.000228716,0.015123356
11-10-2022,230.399994,231,224.300003,225.350006,216.179794,2277774,,-0.019791162,0.401606426,-0.007948258,-0.043655415,0.001905795,0.00076538,0.027665495
12-10-2022,225,232.949997,225,232.149994,222.703064,286063,,0.030175229,0.401606426,0.012118566,0.006310976,3.98284E-05,1.59953E-05,0.003999419
13-10-2022,231.600006,235.5,231.449997,234.649994,225.101334,443155,,0.0107689,0.401606426,0.004324859,-0.013095353,0.000171488,6.88708E-05,0.008298843
14-10-2022,237.649994,238.399994,235.399994,236.300003,226.684204,372142,,0.007031788,0.401606426,0.002824011,-0.016832465,0.000283332,0.000113788,0.010667141
17-10-2022,236.399994,238.449997,232.899994,237.800003,228.123154,207226,,0.006347863,0.401606426,0.002549342,-0.01751639,0.000306824,0.000123222,0.011100561
18-10-2022,238.100006,242.199997,236.899994,241.699997,231.864441,202436,,0.016400311,0.401606426,0.00658647,-0.007463942,5.57104E-05,2.23737E-05,0.004730081
19-10-2022,242,242.949997,237.100006,238.100006,228.410965,306806,,-0.01489446,0.401606426,-0.005981711,-0.038758713,0.001502238,0.000603308,0.024562336
20-10-2022,237.949997,242.350006,233.649994,240.899994,231.097,266687,,0.011759714,0.401606426,0.004722777,-0.012104539,0.00014652,5.88433E-05,0.00767094
21-10-2022,240.899994,241,238.199997,238.649994,228.938553,113990,,-0.009339975,0.401606426,-0.003750994,-0.033204228,0.001102521,0.000442779,0.021042325
24-10-2022,240,241.5,240,240.449997,230.665314,49072,,0.007542439,0.401606426,0.003029092,-0.016321814,0.000266402,0.000106989,0.010343529
25-10-2022,239.449997,240.899994,238,240,230.233643,1402815,,-0.001871479,0.401606426,-0.000751598,-0.025735731,0.000662328,0.000265995,0.016309357
27-10-2022,240,241.5,239,240.850006,231.049042,269171,,0.003541692,0.401606426,0.001422366,-0.020322561,0.000413006,0.000165866,0.0128789
28-10-2022,241.25,247.850006,240.600006,244.350006,234.406631,388968,,0.014531866,0.401606426,0.005836091,-0.009332387,8.70934E-05,3.49773E-05,0.00591416
31-10-2022,245.300003,247.449997,243.699997,245.899994,235.893539,207902,,0.006343311,0.401606426,0.002547514,-0.017520942,0.000306983,0.000123287,0.011103446
01-11-2022,245.800003,246.75,243.300003,245.600006,235.605759,188190,,-0.001219959,0.401606426,-0.000489944,-0.025084212,0.000629218,0.000252698,0.015896474
02-11-2022,245.100006,249.600006,241.699997,245.149994,235.174057,632271,,-0.001832296,0.401606426,-0.000735862,-0.025696549,0.000660313,0.000265186,0.016284526
03-11-2022,243.199997,247.550003,241,246.300003,236.277267,229230,,0.004691042,0.401606426,0.001883953,-0.01917321,0.000367612,0.000147635,0.012150528
04-11-2022,246,248.699997,245.5,246,235.989471,360823,,-0.001218039,0.401606426,-0.000489172,-0.025082292,0.000629121,0.000252659,0.015895257
07-11-2022,246.800003,251.300003,246.800003,249.5,239.347046,361222,,0.014227642,0.401606426,0.005713913,-0.009636611,9.28643E-05,3.72949E-05,0.006106954
09-11-2022,255.699997,263.299988,254.5,255.949997,245.534561,1631820,,0.025851691,0.401606426,0.010382205,0.001987439,3.94991E-06,1.58631E-06,0.001259488
10-11-2022,258,260.600006,252.25,253.649994,243.328156,1356835,,-0.008986142,0.401606426,-0.003608892,-0.032850395,0.001079148,0.000433393,0.020818092
11-11-2022,258.5,259,252.600006,253.25,242.944443,866306,,-0.001576953,0.401606426,-0.000633314,-0.025441205,0.000647255,0.000259942,0.016122709
14-11-2022,254.5,256.25,246.350006,247.199997,237.14064,923653,,-0.023889449,0.401606426,-0.009594156,-0.047753702,0.002280416,0.00091583,0.030262679
15-11-2022,233.699997,238.649994,230.550003,232.100006,222.655106,2792274,,-0.061084107,0.401606426,-0.02453177,-0.08494836,0.007216224,0.002898082,0.053833835
16-11-2022,232.550003,235.5,230.600006,234.850006,225.293198,389571,,0.011848341,0.401606426,0.00475837,-0.012015912,0.000144382,5.79848E-05,0.007614775
17-11-2022,234,234.5,231,232.300003,222.84697,200403,,-0.010858007,0.401606426,-0.004360645,-0.03472226,0.001205635,0.000484191,0.022004338
18-11-2022,231.75,233.350006,228.300003,229.399994,220.064972,220886,,-0.012483896,0.401606426,-0.005013613,-0.036348148,0.001321188,0.000530598,0.023034703
21-11-2022,228.149994,230.5,226.899994,229.5,220.160919,191467,,0.000435946,0.401606426,0.000175079,-0.023428307,0.000548886,0.000220436,0.014847086
22-11-2022,227.25,230.649994,227.25,229.100006,219.777191,275384,,-0.001742893,0.401606426,-0.000699957,-0.025607146,0.000655726,0.000263344,0.016227869
23-11-2022,229.25,231.100006,228.949997,230.600006,221.216156,183370,,0.006547359,0.401606426,0.002629461,-0.017316894,0.000299875,0.000120432,0.010974136
24-11-2022,230.25,231.399994,227.399994,228.300003,219.00975,332012,,-0.009973994,0.401606426,-0.00400562,-0.033838246,0.001145027,0.00045985,0.021444117
25-11-2022,228.800003,233.5,227.899994,231.300003,221.887665,234147,,0.013140604,0.401606426,0.005277351,-0.010723649,0.000114997,4.61834E-05,0.006795836
28-11-2022,231.300003,232.600006,228.399994,229.899994,220.544617,190921,,-0.006052784,0.401606426,-0.002430837,-0.029917037,0.000895029,0.000359449,0.018959152
29-11-2022,229.5,231.350006,226.149994,227,217.76265,397417,,-0.012614154,0.401606426,-0.005065925,-0.036478407,0.001330674,0.000534407,0.023117251
30-11-2022,227,228.800003,226.449997,227.300003,218.05043,167006,,0.001321599,0.401606426,0.000530763,-0.022542654,0.000508171,0.000204085,0.014285826
01-12-2022,227.649994,229.899994,225,226,216.803329,596543,,-0.005719327,0.401606426,-0.002296918,-0.02958358,0.000875188,0.000351481,0.018747832
02-12-2022,226,227.949997,225.350006,226.449997,217.235016,591071,,0.001991137,0.401606426,0.000799653,-0.021873116,0.000478433,0.000192142,0.013861524
05-12-2022,226.449997,231.800003,226.449997,231.300003,221.887665,195727,,0.021417558,0.401606426,0.008601429,-0.002446695,5.98631E-06,2.40414E-06,0.00155053
06-12-2022,231.399994,232.5,229.550003,231.699997,222.271378,320146,,0.00172933,0.401606426,0.00069451,-0.022134923,0.000489955,0.000196769,0.014027437
07-12-2022,231.699997,232.25,228.699997,229.899994,220.544617,244344,,-0.007768679,0.401606426,-0.003119952,-0.031632932,0.001000642,0.000401864,0.020046556
08-12-2022,229.050003,231.25,229.050003,230.5,221.120209,217072,,0.002609857,0.401606426,0.001048135,-0.021254396,0.000451749,0.000181425,0.013469426
09-12-2022,230.199997,232.25,227.800003,228.850006,219.537369,330410,,-0.007158325,0.401606426,-0.002874829,-0.031022578,0.0009624,0.000386506,0.01965976
12-12-2022,227.899994,233.699997,227.899994,232.399994,222.942886,556945,,0.015512291,0.401606426,0.006229836,-0.008351961,6.97553E-05,2.80142E-05,0.00529284
13-12-2022,233,234.300003,231.100006,231.550003,222.127487,276694,,-0.003657448,0.401606426,-0.001468855,-0.027521701,0.000757444,0.000304194,0.01744117
14-12-2022,231.300003,233.149994,231.300003,232,222.559174,478979,,0.001943412,0.401606426,0.000780487,-0.021920841,0.000480523,0.000192981,0.013891769
15-12-2022,232.850006,232.850006,227.75,228.25,218.961777,220130,,-0.016163793,0.401606426,-0.006491483,-0.040028046,0.001602244,0.000643472,0.025366743
16-12-2022,226.600006,229.899994,223.399994,224.600006,215.460312,441622,,-0.015991211,0.401606426,-0.006422173,-0.039855464,0.001588458,0.000637935,0.025257374
19-12-2022,225,227.899994,224.5,227.149994,217.906525,127364,,0.011353464,0.401606426,0.004559624,-0.012510789,0.00015652,6.28594E-05,0.00792839
20-12-2022,227,227.050003,223.350006,226.100006,216.899261,163702,,-0.004622443,0.401606426,-0.001856403,-0.028486696,0.000811492,0.0003259,0.01805271
21-12-2022,226.050003,227.649994,222.100006,223.699997,214.596924,252073,,-0.010614812,0.401606426,-0.004262977,-0.034479065,0.001188806,0.000477432,0.021850219
22-12-2022,222.149994,225.550003,219.100006,222.550003,213.493729,137443,,-0.005140787,0.401606426,-0.002064573,-0.02900504,0.000841292,0.000337868,0.018381197
23-12-2022,219.899994,222.899994,214.25,215.25,206.490784,241720,,-0.032801631,0.401606426,-0.013173346,-0.056665883,0.003211022,0.001289567,0.035910545
26-12-2022,215.199997,221.550003,214.199997,220.800003,211.814941,274856,,0.025783986,0.401606426,0.010355014,0.001919733,3.68538E-06,1.48007E-06,0.001216582
27-12-2022,222.699997,222.899994,219.699997,221.25,212.246628,181395,,0.00203803,0.401606426,0.000818486,-0.021826223,0.000476384,0.000191319,0.013831807
28-12-2022,220.300003,224.199997,220.300003,223.300003,214.213211,155542,,0.00926555,0.401606426,0.003721105,-0.014598703,0.000213122,8.55912E-05,0.009251552
29-12-2022,220.399994,223.149994,220.399994,221.600006,212.582382,181598,,-0.007613063,0.401606426,-0.003057455,-0.031477316,0.000990821,0.00039792,0.019947938
30-12-2022,221.800003,226.399994,221.800003,225.149994,215.987915,164190,,0.016019801,0.401606426,0.006433655,-0.007844452,6.15354E-05,2.4713E-05,0.004971219
02-01-2023,226.399994,227.149994,224.300003,224.800003,215.652161,274718,,-0.001554479,0.401606426,-0.000624289,-0.025418732,0.000646112,0.000259483,0.016108467
03-01-2023,224.949997,225.699997,223.050003,224.050003,214.932693,242064,,-0.003336299,0.401606426,-0.001339879,-0.027200552,0.00073987,0.000297137,0.017237649
04-01-2023,224.050003,224.550003,216.300003,217.100006,208.265518,299400,,-0.031019848,0.401606426,-0.01245777,-0.054884101,0.003012265,0.001209745,0.034781386
05-01-2023,218,218.899994,215.300003,218.300003,209.416672,196256,,0.005527393,0.401606426,0.002219836,-0.01833686,0.00033624,0.000135036,0.011620513
06-01-2023,219,219.899994,212,214.149994,205.435547,627077,,-0.019010577,0.401606426,-0.00763477,-0.04287483,0.001838251,0.000738253,0.027170819
09-01-2023,215,217.649994,214.100006,215,206.250961,187285,,0.003969209,0.401606426,0.00159406,-0.019895044,0.000395813,0.000158961,0.012607972
10-01-2023,215,217.199997,214.199997,216.600006,207.785858,289557,,0.007441888,0.401606426,0.00298871,-0.016422364,0.000269694,0.000108311,0.010407251
11-01-2023,216.800003,218.5,212.25,213.300003,204.620148,271980,,-0.01523547,0.401606426,-0.006118663,-0.039099723,0.001528788,0.000613971,0.024778443
12-01-2023,215,217.050003,212.800003,213.899994,205.195724,245831,,0.002812897,0.401606426,0.001129678,-0.021051356,0.00044316,0.000177976,0.013340755
13-01-2023,214.649994,215.600006,213.600006,215.050003,206.298935,311055,,0.005376386,0.401606426,0.002159191,-0.018487867,0.000341801,0.00013727,0.011716209
16-01-2023,215.199997,215.75,212.5,213.75,205.051834,453593,,-0.00604512,0.401606426,-0.002427759,-0.029909372,0.000894571,0.000359265,0.018954295
17-01-2023,213.350006,215.100006,211.25,213.050003,204.38031,967570,,-0.00327484,0.401606426,-0.001315197,-0.027139093,0.00073653,0.000295795,0.017198701
18-01-2023,213.199997,217.300003,213.199997,216.850006,208.025681,153703,,0.017836203,0.401606426,0.007163134,-0.00602805,3.63374E-05,1.45933E-05,0.003820122
19-01-2023,216.850006,224.800003,215.199997,223.899994,214.788788,1302520,,0.032510896,0.401606426,0.013056585,0.008646643,7.47644E-05,3.00259E-05,0.005479587
20-01-2023,225.550003,229.25,222.850006,226.949997,217.714676,646290,,0.013622167,0.401606426,0.00547075,-0.010242086,0.0001049,4.21286E-05,0.006490658
23-01-2023,228.5,230.399994,227.149994,230,220.640564,1222399,,0.013439097,0.401606426,0.005397228,-0.010425156,0.000108684,4.36481E-05,0.006606674
24-01-2023,231.350006,231.350006,227.100006,227.5,218.242294,150999,,-0.010869565,0.401606426,-0.004365287,-0.034733818,0.001206438,0.000484513,0.022011663
25-01-2023,227.649994,227.949997,223.899994,225.949997,216.755371,183797,,-0.0068132,0.401606426,-0.002736225,-0.030677453,0.000941106,0.000377954,0.019441046
27-01-2023,226.149994,227.5,219.350006,222.449997,213.397781,246179,,-0.015490153,0.401606426,-0.006220945,-0.039354406,0.001548769,0.000621996,0.024939841
30-01-2023,221.600006,226.699997,220.800003,225.899994,216.707397,417369,,0.01550909,0.401606426,0.00622855,-0.008355163,6.98087E-05,2.80356E-05,0.005294869
31-01-2023,225,228.300003,223.949997,224.899994,215.748093,486891,,-0.004426738,0.401606426,-0.001777806,-0.02829099,0.00080038,0.000321438,0.017928687
01-02-2023,228.800003,228.800003,214.25,220.300003,211.335281,1320874,,-0.020453495,0.401606426,-0.008214255,-0.044317748,0.001964063,0.00078878,0.028085232
02-02-2023,220.649994,221.550003,217,217.550003,208.697205,298023,,-0.012482978,0.401606426,-0.005013244,-0.03634723,0.001321121,0.000530571,0.023034121
03-02-2023,217.75,220.649994,214.600006,218.949997,210.040222,463578,,0.006435275,0.401606426,0.002584448,-0.017428978,0.000303769,0.000121996,0.011045166
06-02-2023,219,220.300003,215.75,219.600006,210.663773,380251,,0.002968755,0.401606426,0.001192271,-0.020895497,0.000436622,0.00017535,0.013241983
07-02-2023,219.100006,221.100006,217.050003,219.800003,210.855637,358731,,0.000910733,0.401606426,0.000365756,-0.02295352,0.000526864,0.000211592,0.014546202
08-02-2023,215.399994,217.149994,214.199997,215.550003,211.838425,344109,,-0.01933576,0.401606426,-0.007765365,-0.043200012,0.001866241,0.000749494,0.027376895
09-02-2023,215.600006,216.850006,213.300003,214.550003,210.855637,279913,,-0.004639295,0.401606426,-0.001863171,-0.028503548,0.000812452,0.000326286,0.018063389
10-02-2023,214,214.5,211,211.649994,208.005569,264188,,-0.013516705,0.401606426,-0.005428395,-0.037380957,0.001397336,0.000561179,0.023689219
13-02-2023,211.199997,213.699997,209.449997,213.050003,209.38147,679084,,0.006614737,0.401606426,0.002656521,-0.017249516,0.000297546,0.000119496,0.010931437
14-02-2023,212.300003,214.25,211.100006,211.75,208.103851,505037,,-0.006101868,0.401606426,-0.002450549,-0.029966121,0.000897968,0.00036063,0.018990257
15-02-2023,211.699997,213.699997,210.350006,212.850006,209.184921,385530,,0.005194834,0.401606426,0.002086279,-0.018669419,0.000348547,0.000139979,0.011831264
16-02-2023,213.149994,216.449997,213.149994,215.5,211.789276,438374,,0.012450054,0.401606426,0.005000022,-0.011414199,0.000130284,5.23229E-05,0.007233455
17-02-2023,214.300003,218.25,214.25,217.399994,213.656555,514437,,0.008816677,0.401606426,0.003540834,-0.015047575,0.00022643,9.09356E-05,0.009536013
20-02-2023,217.399994,218.949997,216,218.199997,214.44278,172147,,0.003679867,0.401606426,0.001477858,-0.020184386,0.000407409,0.000163618,0.012791335
21-02-2023,218.350006,219.050003,213.449997,214.050003,210.364243,163669,,-0.019019221,0.401606426,-0.007638241,-0.042883474,0.001838992,0.000738551,0.027176297
22-02-2023,214.949997,215.899994,211.199997,211.800003,208.152985,351837,,-0.010511563,0.401606426,-0.004221511,-0.034375815,0.001181697,0.000474577,0.021784788
23-02-2023,212.050003,215.800003,212.050003,214.850006,211.150482,192291,,0.014400392,0.401606426,0.00578329,-0.009463861,8.95647E-05,3.59697E-05,0.005997478
24-02-2023,216,217.449997,214.800003,217.100006,213.36174,248840,,0.010472422,0.401606426,0.004205792,-0.01339183,0.000179341,7.20245E-05,0.008486728
27-02-2023,216.199997,218,215.100006,216.800003,213.066895,318646,,-0.001381865,0.401606426,-0.000554966,-0.025246118,0.000637366,0.00025597,0.015999077
28-02-2023,215.550003,216.949997,211.949997,215.149994,211.445297,221427,,-0.007610743,0.401606426,-0.003056523,-0.031474995,0.000990675,0.000397862,0.019946468
01-03-2023,215,219.050003,214.649994,218.600006,214.835907,131642,,0.01603538,0.401606426,0.006439912,-0.007828872,6.12912E-05,2.4615E-05,0.004961346
02-03-2023,218.300003,224.350006,217.5,222.850006,219.012726,418071,,0.019441902,0.401606426,0.007807993,-0.00442235,1.95572E-05,7.85429E-06,0.002802551
03-03-2023,223.25,226.25,222.5,222.899994,219.061844,458246,,0.000224312,0.401606426,9.00853E-05,-0.023639941,0.000558847,0.000224436,0.014981204
06-03-2023,222.25,225.550003,221.699997,224.850006,220.978287,167177,,0.008748372,0.401606426,0.003513402,-0.015115881,0.00022849,9.1763E-05,0.0095793
08-03-2023,224.050003,225.050003,222.649994,224.800003,220.929138,132586,,-0.000222384,0.401606426,-8.93108E-05,-0.024086637,0.000580166,0.000232998,0.015264286
09-03-2023,224.25,227,223.75,224.649994,220.781723,141230,,-0.0006673,0.401606426,-0.000267992,-0.024531553,0.000601797,0.000241686,0.01554624
10-03-2023,223.75,225.300003,221.449997,224.350006,220.486893,109799,,-0.001335357,0.401606426,-0.000536288,-0.02519961,0.00063502,0.000255028,0.015969604
13-03-2023,222.100006,225.699997,219.350006,220.699997,216.899734,316487,,-0.016269262,0.401606426,-0.00653384,-0.040133515,0.001610699,0.000646867,0.025433582
14-03-2023,222.199997,222.649994,219,221,217.19458,440742,,0.001359325,0.401606426,0.000545914,-0.022504928,0.000506472,0.000203402,0.014261919
15-03-2023,221.100006,223.199997,219.550003,219.949997,216.162643,81863,,-0.004751145,0.401606426,-0.00190809,-0.028615398,0.000818841,0.000328852,0.018134271
16-03-2023,218,222.399994,216.449997,220.75,216.948883,297200,,0.003637204,0.401606426,0.001460724,-0.020227049,0.000409134,0.000164311,0.012818371
17-03-2023,221.649994,225.899994,220.199997,222.550003,218.71788,173599,,0.008154034,0.401606426,0.003274712,-0.015710219,0.000246811,9.91209E-05,0.009955947
20-03-2023,219.149994,221.199997,215.75,217.100006,213.36174,336696,,-0.024488865,0.401606426,-0.009834886,-0.048353118,0.002338024,0.000938965,0.030642543
21-03-2023,218,218.550003,216.050003,216.949997,213.21431,170984,,-0.000690967,0.401606426,-0.000277497,-0.02455522,0.000602959,0.000242152,0.015561238
22-03-2023,217,217,213.149994,213.850006,210.167694,205336,,-0.014288965,0.401606426,-0.00573854,-0.038153218,0.001455668,0.000584606,0.02417862
23-03-2023,213.75,214.75,212.399994,213.25,209.578018,212013,,-0.002805733,0.401606426,-0.0011268,-0.026669986,0.000711288,0.000285658,0.016901417
24-03-2023,212.050003,213.75,208.100006,208.550003,204.958954,182029,,-0.022039845,0.401606426,-0.008851343,-0.045904098,0.002107186,0.00084626,0.02909054
27-03-2023,208.100006,210.199997,207.699997,208.449997,204.860672,306146,,-0.00047953,0.401606426,-0.000192582,-0.024343783,0.00059262,0.000238,0.015427246
28-03-2023,209,211.25,208.449997,208.850006,205.253784,389097,,0.001918969,0.401606426,0.00077067,-0.021945284,0.000481595,0.000193412,0.013907259
29-03-2023,209.050003,214.5,208.449997,212.850006,209.184921,201479,,0.019152501,0.401606426,0.007691768,-0.004711752,2.22006E-05,8.9159E-06,0.002985951
31-03-2023,212.199997,214.25,211.300003,213.649994,209.97113,194098,,0.003758459,0.401606426,0.001509421,-0.020105794,0.000404243,0.000162347,0.012741529
03-04-2023,213.699997,220.800003,213.699997,220.050003,216.260941,446475,,0.029955578,0.401606426,0.012030352,0.006091325,3.71042E-05,1.49013E-05,0.00386022
05-04-2023,220.050003,224.25,220.050003,222.300003,218.472198,219985,,0.010224949,0.401606426,0.004106405,-0.013639304,0.000186031,7.47111E-05,0.008643558
06-04-2023,221.25,223.100006,220.449997,221.699997,217.882523,132103,,-0.002699082,0.401606426,-0.001083969,-0.026563335,0.000705611,0.000283378,0.01683383
10-04-2023,220.100006,224.399994,220.100006,222.050003,218.226501,252167,,0.001578737,0.401606426,0.000634031,-0.022285516,0.000496644,0.000199456,0.014122872
11-04-2023,222.300003,224.199997,222.199997,223.550003,219.700668,231720,,0.006755235,0.401606426,0.002712946,-0.017109018,0.000292718,0.000117558,0.010842399
12-04-2023,223.550003,228,223.550003,227.649994,223.730057,226223,,0.018340376,0.401606426,0.007365613,-0.005523877,3.05132E-05,1.22543E-05,0.003500615
13-04-2023,227.550003,229.600006,224.600006,225.550003,221.666229,139305,,-0.009224648,0.401606426,-0.003704678,-0.033088901,0.001094875,0.000439709,0.020969239
17-04-2023,225.550003,229.850006,225.399994,229.5,225.548218,405249,,0.017512733,0.401606426,0.007033226,-0.00635152,4.03418E-05,1.62015E-05,0.004025112
18-04-2023,229.5,232.5,229.399994,232.25,228.250854,269368,,0.011982571,0.401606426,0.004812277,-0.011881682,0.000141174,5.66965E-05,0.00752971
19-04-2023,232.25,234.600006,229,230.399994,226.432709,463810,,-0.00796558,0.401606426,-0.003199028,-0.031829833,0.001013138,0.000406883,0.020171337
20-04-2023,229.550003,231.449997,229.100006,229.449997,225.499069,196796,,-0.004123251,0.401606426,-0.001655924,-0.027987504,0.0007833,0.000314578,0.01773636
21-04-2023,229.550003,230.449997,227.550003,230.050003,226.088745,113194,,0.002614975,0.401606426,0.001050191,-0.021249278,0.000451532,0.000181338,0.013466183
24-04-2023,230,232,229.5,231.399994,227.415482,201837,,0.00586825,0.401606426,0.002356727,-0.017996003,0.000323856,0.000130063,0.011404503
25-04-2023,230.050003,232.25,229.949997,230.25,226.285294,116048,,-0.004969724,0.401606426,-0.001995873,-0.028833976,0.000831398,0.000333895,0.01827279
26-04-2023,229.399994,230.550003,228,229.75,225.7939,217751,,-0.002171553,0.401606426,-0.00087211,-0.026035805,0.000677863,0.000272234,0.016499521
27-04-2023,229.5,232.399994,229.5,231.800003,227.808609,232645,,0.008922755,0.401606426,0.003583436,-0.014941498,0.000223248,8.9658E-05,0.009468789
28-04-2023,232.050003,234.649994,231.600006,233.100006,229.086227,351709,,0.005608296,0.401606426,0.002252328,-0.018255957,0.00033328,0.000133847,0.011569243
02-05-2023,233,237.399994,233,236.050003,231.985428,447348,,0.012655499,0.401606426,0.00508253,-0.011208753,0.000125636,5.04563E-05,0.007103259
03-05-2023,236.050003,238.850006,234.699997,236.75,232.67337,172008,,0.002965461,0.401606426,0.001190948,-0.020898792,0.00043676,0.000175405,0.013244071
04-05-2023,236.5,238,234.100006,237.5,233.410461,226710,,0.003167899,0.401606426,0.001272248,-0.020696354,0.000428339,0.000172024,0.013115782
05-05-2023,237.050003,237.949997,236.050003,237.350006,233.263046,252320,,-0.000631554,0.401606426,-0.000253636,-0.024495807,0.000600045,0.000240982,0.015523587
08-05-2023,230.699997,233.399994,230,232.899994,228.889664,372781,,-0.018748733,0.401606426,-0.007529612,-0.042612986,0.001815867,0.000729264,0.027004883
09-05-2023,235.649994,238.850006,233.5,236.399994,232.329391,553198,,0.015027909,0.401606426,0.006035305,-0.008836343,7.8081E-05,3.13578E-05,0.005599805
10-05-2023,236.5,237.149994,234.550003,236.5,232.427673,227105,,0.000423037,0.401606426,0.000169894,-0.023441216,0.000549491,0.000220679,0.014855267
11-05-2023,236,238.100006,235.699997,236.199997,232.132843,173367,,-0.001268512,0.401606426,-0.000509442,-0.025132764,0.000631656,0.000253677,0.015927242
12-05-2023,236,237.199997,234.5,235,230.953506,217276,,-0.005080428,0.401606426,-0.002040332,-0.02894468,0.000837795,0.000336464,0.018342946
15-05-2023,234.199997,239.600006,233.949997,237.800003,233.705292,384851,,0.011914906,0.401606426,0.004785103,-0.011949346,0.000142787,5.73441E-05,0.007572591
16-05-2023,238.199997,241.649994,237.5,240.899994,236.751907,946615,,0.013036127,0.401606426,0.005235392,-0.010828126,0.000117248,4.70877E-05,0.006862046
17-05-2023,240.899994,243.75,240.649994,241.600006,237.439865,378970,,0.00290582,0.401606426,0.001166996,-0.020958433,0.000439256,0.000176408,0.013281867
18-05-2023,null,null,null,null,null,null,,0,0.401606426,0,-0.023864253,0.000569503,0.000228716,0.015123356
19-05-2023,239.649994,241.550003,236.25,239.800003,235.670853,247293,,0,0.401606426,0,-0.023864253,0.000569503,0.000228716,0.015123356
22-05-2023,238.649994,241.149994,237.600006,238.350006,234.245834,82774,,-0.006046693,0.401606426,-0.002428391,-0.029910946,0.000894665,0.000359303,0.018955292
23-05-2023,239.300003,240.149994,236.699997,239.300003,235.179459,113215,,0.003985723,0.401606426,0.001600692,-0.01987853,0.000395156,0.000158697,0.012597507
24-05-2023,237.149994,241.449997,237.149994,240.850006,236.702774,205719,,0.006477238,0.401606426,0.0026013,-0.017387015,0.000302308,0.000121409,0.011018573
25-05-2023,240.850006,242.25,237.899994,240.050003,235.91655,98936,,-0.003321582,0.401606426,-0.001333969,-0.027185835,0.00073907,0.000296815,0.017228323
26-05-2023,239.149994,242.399994,239.149994,241.300003,237.145035,238729,,0.005207248,0.401606426,0.002091264,-0.018657004,0.000348084,0.000139793,0.011823396
29-05-2023,null,null,null,null,null,null,,0,0.401606426,0,-0.023864253,0.000569503,0.000228716,0.015123356
30-05-2023,246,247.100006,242.949997,244.350006,240.142517,290906,,0,0.401606426,0,-0.023864253,0.000569503,0.000228716,0.015123356
31-05-2023,247.850006,247.850006,239.449997,241.199997,237.046738,368739,,-0.012891381,0.401606426,-0.005177261,-0.036755634,0.001350977,0.000542561,0.023292936
01-06-2023,230.5,231.899994,229.25,230.550003,226.580139,763733,,-0.044154205,0.401606426,-0.017732612,-0.068018457,0.004626511,0.001858036,0.043104946
02-06-2023,228,233.399994,228,230.899994,226.924103,1107967,,0.00151807,0.401606426,0.000609667,-0.022346183,0.000499352,0.000200543,0.014161318
05-06-2023,231,231.300003,229.449997,229.649994,225.695618,886885,,-0.005413599,0.401606426,-0.002174136,-0.029277852,0.000857193,0.000344254,0.018554085
06-06-2023,229.949997,230.600006,226.75,227.949997,224.024902,313998,,-0.007402556,0.401606426,-0.002972914,-0.031266809,0.000977613,0.000392616,0.019814535
07-06-2023,228.050003,231.5,228.050003,230.649994,226.678406,474159,,0.01184469,0.401606426,0.004756904,-0.012019563,0.00014447,5.802E-05,0.007617089
08-06-2023,231.75,231.75,227.75,227.949997,224.024902,265516,,-0.011706035,0.401606426,-0.004701219,-0.035570288,0.001265245,0.000508131,0.022541754
09-06-2023,229.949997,229.949997,227.300003,227.699997,223.779205,147834,,-0.001096732,0.401606426,-0.000440455,-0.024960985,0.000623051,0.000250221,0.015818381
12-06-2023,227.800003,229.199997,226.699997,229,225.056824,343304,,0.00570928,0.401606426,0.002292883,-0.018154973,0.000329603,0.000132371,0.011505247
13-06-2023,229.550003,230,228.050003,228.899994,224.958542,304545,,-0.000436707,0.401606426,-0.000175385,-0.02430096,0.000590537,0.000237163,0.015400108
14-06-2023,229.300003,229.350006,227.649994,228.949997,225.007675,192728,,0.000218449,0.401606426,8.77306E-05,-0.023645804,0.000559124,0.000224548,0.014984919
15-06-2023,229,229.600006,227.899994,228.600006,224.663712,261272,,-0.001528679,0.401606426,-0.000613927,-0.025392932,0.000644801,0.000258956,0.016092117
16-06-2023,228.600006,229.649994,228,228.399994,224.467148,233264,,-0.000874943,0.401606426,-0.000351383,-0.024739196,0.000612028,0.000245794,0.015677828
19-06-2023,228.399994,228.699997,226.649994,227.300003,223.386093,132825,,-0.004816073,0.401606426,-0.001934166,-0.028680326,0.000822561,0.000330346,0.018175418
20-06-2023,227.300003,227.75,225.600006,227.300003,223.386093,265211,,0,0.401606426,0,-0.023864253,0.000569503,0.000228716,0.015123356
21-06-2023,228.25,228.75,226.5,228.449997,224.516281,276000,,0.005059366,0.401606426,0.002031874,-0.018804886,0.000353624,0.000142018,0.011917113
22-06-2023,228.949997,229.600006,226.600006,226.949997,223.042114,315950,,-0.006565988,0.401606426,-0.002636943,-0.030430241,0.000926,0.000371887,0.019284382
23-06-2023,226.75,228.5,224.75,225.899994,222.010193,238285,,-0.004626583,0.401606426,-0.001858065,-0.028490836,0.000811728,0.000325995,0.018055334
26-06-2023,225.949997,226,223.300003,224.25,220.388611,272290,,-0.00730409,0.401606426,-0.00293337,-0.031168343,0.000971466,0.000390147,0.019752135
27-06-2023,226.100006,226.699997,223.850006,225.100006,221.223984,242269,,0.003790439,0.401606426,0.001522265,-0.020073814,0.000402958,0.000161831,0.012721262
28-06-2023,225.100006,227.649994,224.25,227.300003,223.386093,181861,,0.00977342,0.401606426,0.003925068,-0.014090832,0.000198552,7.97396E-05,0.008929702
30-06-2023,227.350006,231.25,226.949997,230.850006,226.874969,528590,,0.015618139,0.401606426,0.006272345,-0.008246114,6.79984E-05,2.73086E-05,0.005225762
03-07-2023,null,null,null,null,null,null,,0,0.401606426,0,-0.023864253,0.000569503,0.000228716,0.015123356
04-07-2023,null,null,null,null,null,null,,0,0.401606426,0,-0.023864253,0.000569503,0.000228716,0.015123356
05-07-2023,null,null,null,null,null,null,,0,0.401606426,0,-0.023864253,0.000569503,0.000228716,0.015123356
06-07-2023,null,null,null,null,null,null,,0,0.401606426,0,-0.023864253,0.000569503,0.000228716,0.015123356
07-07-2023,232.75,235.75,232.600006,234,229.970718,148958,,0,0.401606426,0,-0.023864253,0.000569503,0.000228716,0.015123356
10-07-2023,234.149994,235.649994,232.850006,233.600006,229.577621,237441,,-0.001709376,0.401606426,-0.000686496,-0.025573629,0.00065401,0.000262655,0.016206629
11-07-2023,null,null,null,null,null,null,,0,0.401606426,0,-0.023864253,0.000569503,0.000228716,0.015123356
12-07-2023,null,null,null,null,null,null,,0,0.401606426,0,-0.023864253,0.000569503,0.000228716,0.015123356
13-07-2023,null,null,null,null,null,null,,0,0.401606426,0,-0.023864253,0.000569503,0.000228716,0.015123356
14-07-2023,230,232,229.699997,231.050003,227.071518,283550,,0,0.401606426,0,-0.023864253,0.000569503,0.000228716,0.015123356
17-07-2023,231.050003,232.600006,229.5,230.149994,226.187012,307709,,-0.0038953,0.401606426,-0.001564377,-0.027759552,0.000770593,0.000309475,0.017591902
18-07-2023,null,null,null,null,null,null,,0,0.401606426,0,-0.023864253,0.000569503,0.000228716,0.015123356
19-07-2023,228.350006,229.850006,228.050003,228.600006,224.663712,247678,,0,0.401606426,0,-0.023864253,0.000569503,0.000228716,0.015123356
20-07-2023,228.600006,230.699997,227.800003,229.699997,225.744766,207670,,0.004811859,0.401606426,0.001932474,-0.019052394,0.000362994,0.000145781,0.012073964
21-07-2023,229.300003,230.399994,228.550003,229.100006,225.155106,153972,,-0.002612064,0.401606426,-0.001049022,-0.026476316,0.000700995,0.000281524,0.016778684
24-07-2023,229,231.949997,228.550003,231,227.022385,440465,,0.008293295,0.401606426,0.003330641,-0.015570958,0.000242455,9.73714E-05,0.009867693
25-07-2023,null,null,null,null,null,null,,0,0.401606426,0,-0.023864253,0.000569503,0.000228716,0.015123356
26-07-2023,230,231.100006,229,230.5,226.530991,159143,,0,0.401606426,0,-0.023864253,0.000569503,0.000228716,0.015123356
27-07-2023,null,null,null,null,null,null,,0,0.401606426,0,-0.023864253,0.000569503,0.000228716,0.015123356
28-07-2023,229.25,229.850006,226.850006,227.25,223.33696,374311,,0,0.401606426,0,-0.023864253,0.000569503,0.000228716,0.015123356
31-07-2023,null,null,null,null,null,null,,0,0.401606426,0,-0.023864253,0.000569503,0.000228716,0.015123356
01-08-2023,null,null,null,null,null,null,,0,0.401606426,0,-0.023864253,0.000569503,0.000228716,0.015123356
02-08-2023,null,null,null,null,null,null,,0,0.401606426,0,-0.023864253,0.000569503,0.000228716,0.015123356
03-08-2023,234.050003,235.100006,229.5,230.199997,226.23616,294647,,0,0.401606426,0,-0.023864253,0.000569503,0.000228716,0.015123356
04-08-2023,232.050003,236.399994,230.550003,233.699997,229.675888,435815,,0.01520417,0.401606426,0.006106093,-0.008660082,7.4997E-05,3.01193E-05,0.005488104
07-08-2023,234.100006,235.899994,232.300003,232.850006,228.84053,244023,,-0.003637103,0.401606426,-0.001460684,-0.027501356,0.000756325,0.000303745,0.017428276
08-08-2023,232.550003,235.300003,229.399994,230.25,226.285294,430810,,-0.011166012,0.401606426,-0.004484342,-0.035030265,0.001227119,0.000492819,0.022199528
09-08-2023,233.050003,235.699997,230.649994,234.699997,230.658661,1116170,,0.019326806,0.401606426,0.007761769,-0.004537447,2.05884E-05,8.26844E-06,0.00287549
10-08-2023,235.899994,236.800003,234.399994,234.949997,230.904358,242097,,0.00106519,0.401606426,0.000427787,-0.022799063,0.000519797,0.000208754,0.014448319
11-08-2023,234.649994,235.550003,233.800003,234.949997,230.904358,318503,,0,0.401606426,0,-0.023864253,0.000569503,0.000228716,0.015123356
14-08-2023,235.699997,235.949997,230.800003,233.899994,229.872437,325189,,-0.004469049,0.401606426,-0.001794799,-0.028333302,0.000802776,0.0003224,0.0179555
16-08-2023,233.899994,234.850006,232.100006,233.149994,229.135361,236307,,-0.003206499,0.401606426,-0.00128775,-0.027070751,0.000732826,0.000294307,0.017155392
17-08-2023,233.199997,233.899994,231.050003,232.300003,228.300003,321655,,-0.003645683,0.401606426,-0.00146413,-0.027509936,0.000756797,0.000303934,0.017433714
18-08-2023,229.149994,229.149994,227,227.449997,227.449997,422194,,-0.0208782,0.401606426,-0.008384819,-0.044742453,0.002001887,0.000803971,0.028354378
,,,,,,,,,,0.023864253,,,,
